Title,L2 Parents,Related Actions,Lede,Related Agencies
File for Unemployment in MA,Unemployment Benefits,Apply for SNAP Benefits; Get a state job,,
Apply for MassHealth coverage,MassHealth,,,
Apply for SNAP Benefits,Food Assistance,File for Unemployment in MA; Apply for MassHealth coverage,,
Respond to a summons for jury duty,Courts,,,
Find a state park,Parks,Apply for a fresh water fishing license,,Department of Conservation and Recreation; MassParks
Apply for a nursing license,Nursing,,,
Arranging/Paying for Child Support,Child Support,,,
Apply for a fresh water fishing license,Fishing and Hunting,Find a state park,,Department of Fish and Game; Department of Conservation and Recreation
Get a state job,Government Jobs,,,
Register a business,Business Licenses and Permits,Apply for MassHealth coverage,,